rximageFileName,is_synthetic,label_BLACK,label_BLUE,label_BROWN,label_GRAY,label_GREEN,label_ORANGE,label_PINK,label_PURPLE,label_RED,label_TURQUOISE,label_WHITE,label_YELLOW,true_color,pred_color,sample_index
51079-0078-20_RXNAVIMAGE10_2C351668_1.jpg,0,0,0,0,0,0,0,0,0,1,0,0,1,"[0.0, 0.0, 0.0, 0.0, 0.0, 0.0, 0.0, 0.0, 1.0, 0.0, 0.0, 1.0]","[0, 0, 0, 0, 0, 0, 1, 0, 1, 0, 0, 0]",0
51079-0078-20_RXNAVIMAGE10_2C351668_2.jpg,0,0,0,0,0,0,0,0,0,1,0,0,1,"[0.0, 0.0, 0.0, 0.0, 0.0, 0.0, 0.0, 0.0, 1.0, 0.0, 0.0, 1.0]","[0, 0, 0, 0, 0, 0, 1, 0, 1, 0, 0, 0]",1
50111-0470-01_RXNAVIMAGE10_FB2FFDFF_2.jpg,0,0,0,0,0,0,0,1,0,0,0,0,0,"[0.0, 0.0, 0.0, 0.0, 0.0, 0.0, 1.0, 0.0, 0.0, 0.0, 0.0, 0.0]","[0, 0, 0, 0, 0, 0, 1, 0, 1, 0, 0, 0]",3
00056-0172-70_RXNAVIMAGE10_A213515A_2.jpg,0,0,0,0,0,0,1,0,0,0,0,0,0,"[0.0, 0.0, 0.0, 0.0, 0.0, 1.0, 0.0, 0.0, 0.0, 0.0, 0.0, 0.0]","[0, 0, 0, 0, 0, 1, 1, 0, 1, 0, 0, 0]",5
00002-3239-30_RXNAVIMAGE10_3F1E1F80_1.jpg,0,0,1,0,0,0,0,0,0,0,0,0,1,"[0.0, 1.0, 0.0, 0.0, 0.0, 0.0, 0.0, 0.0, 0.0, 0.0, 0.0, 1.0]","[0, 1, 0, 0, 0, 0, 0, 0, 0, 0, 0, 0]",14
00074-6214-13_RXNAVIMAGE10_831341FA_1.jpg,0,0,0,0,0,0,1,0,0,0,0,0,0,"[0.0, 0.0, 0.0, 0.0, 0.0, 1.0, 0.0, 0.0, 0.0, 0.0, 0.0, 0.0]","[0, 0, 1, 0, 0, 1, 0, 0, 0, 0, 0, 0]",16
00074-6214-13_RXNAVIMAGE10_831341FA_2.jpg,0,0,0,0,0,0,1,0,0,0,0,0,0,"[0.0, 0.0, 0.0, 0.0, 0.0, 1.0, 0.0, 0.0, 0.0, 0.0, 0.0, 0.0]","[0, 0, 1, 0, 0, 1, 1, 0, 0, 0, 0, 0]",17
13310-0119-07_RXNAVIMAGE10_EA04F527_1.jpg,0,0,0,0,0,0,0,0,1,0,0,0,0,"[0.0, 0.0, 0.0, 0.0, 0.0, 0.0, 0.0, 1.0, 0.0, 0.0, 0.0, 0.0]","[0, 0, 0, 0, 0, 0, 1, 1, 0, 0, 0, 0]",22
00078-0563-15_RXNAVIMAGE10_153B0A88_1.jpg,0,0,0,1,0,0,0,0,0,0,0,0,0,"[0.0, 0.0, 1.0, 0.0, 0.0, 0.0, 0.0, 0.0, 0.0, 0.0, 0.0, 0.0]","[0, 0, 0, 0, 0, 0, 0, 0, 0, 0, 0, 1]",24
00078-0563-15_RXNAVIMAGE10_153B0A88_2.jpg,0,0,0,1,0,0,0,0,0,0,0,0,0,"[0.0, 0.0, 1.0, 0.0, 0.0, 0.0, 0.0, 0.0, 0.0, 0.0, 0.0, 0.0]","[0, 0, 0, 0, 0, 0, 0, 0, 0, 0, 0, 1]",25
16714-0225-04_RXNAVIMAGE10_7C453E79_1.jpg,0,0,0,0,0,0,0,0,0,0,0,0,1,"[0.0, 0.0, 0.0, 0.0, 0.0, 0.0, 0.0, 0.0, 0.0, 0.0, 0.0, 1.0]","[0, 0, 0, 0, 1, 0, 0, 0, 0, 0, 0, 1]",30
51991-0748-10_RXNAVIMAGE10_274F93FC_1.jpg,0,0,0,0,0,1,0,0,0,0,0,0,1,"[0.0, 0.0, 0.0, 0.0, 1.0, 0.0, 0.0, 0.0, 0.0, 0.0, 0.0, 1.0]","[0, 0, 0, 0, 1, 0, 0, 0, 0, 0, 0, 0]",32
51991-0748-10_RXNAVIMAGE10_274F93FC_2.jpg,0,0,0,0,0,1,0,0,0,0,0,0,1,"[0.0, 0.0, 0.0, 0.0, 1.0, 0.0, 0.0, 0.0, 0.0, 0.0, 0.0, 1.0]","[0, 1, 0, 0, 1, 0, 0, 0, 0, 0, 0, 0]",33
00054-0097-25_RXNAVIMAGE10_9C454E6A_1.jpg,0,0,0,0,0,0,1,0,0,0,0,0,0,"[0.0, 0.0, 0.0, 0.0, 0.0, 1.0, 0.0, 0.0, 0.0, 0.0, 0.0, 0.0]","[0, 0, 0, 0, 0, 1, 1, 0, 0, 0, 0, 0]",36
00054-0097-25_RXNAVIMAGE10_9C454E6A_2.jpg,0,0,0,0,0,0,1,0,0,0,0,0,0,"[0.0, 0.0, 0.0, 0.0, 0.0, 1.0, 0.0, 0.0, 0.0, 0.0, 0.0, 0.0]","[0, 0, 0, 0, 0, 0, 0, 0, 0, 0, 0, 0]",37
00228-2636-11_RXNAVIMAGE10_DB326D93_1.jpg,0,0,0,0,0,1,0,0,0,0,0,0,0,"[0.0, 0.0, 0.0, 0.0, 1.0, 0.0, 0.0, 0.0, 0.0, 0.0, 0.0, 0.0]","[0, 0, 0, 0, 0, 0, 0, 0, 0, 0, 1, 0]",38
00228-2636-11_RXNAVIMAGE10_DB326D93_2.jpg,0,0,0,0,0,1,0,0,0,0,0,0,0,"[0.0, 0.0, 0.0, 0.0, 1.0, 0.0, 0.0, 0.0, 0.0, 0.0, 0.0, 0.0]","[0, 0, 0, 0, 0, 0, 0, 0, 0, 0, 1, 0]",39
65597-0112-90_RXNAVIMAGE10_E239F11F_1.jpg,0,0,0,0,0,0,0,0,0,0,0,0,1,"[0.0, 0.0, 0.0, 0.0, 0.0, 0.0, 0.0, 0.0, 0.0, 0.0, 0.0, 1.0]","[0, 0, 0, 0, 0, 0, 0, 0, 0, 0, 1, 1]",40
00093-1135-56_RXNAVIMAGE10_6E383721_1.jpg,0,0,0,0,0,1,0,0,0,0,0,1,0,"[0.0, 0.0, 0.0, 0.0, 1.0, 0.0, 0.0, 0.0, 0.0, 0.0, 1.0, 0.0]","[0, 0, 0, 0, 1, 0, 0, 0, 0, 0, 0, 0]",44
00093-1135-56_RXNAVIMAGE10_6E383721_2.jpg,0,0,0,0,0,1,0,0,0,0,0,1,0,"[0.0, 0.0, 0.0, 0.0, 1.0, 0.0, 0.0, 0.0, 0.0, 0.0, 1.0, 0.0]","[0, 0, 0, 0, 1, 0, 0, 0, 0, 0, 0, 0]",45
65862-0618-90_RXNAVIMAGE10_B64EDB16_1.jpg,0,0,0,1,0,0,0,0,0,0,0,0,0,"[0.0, 0.0, 1.0, 0.0, 0.0, 0.0, 0.0, 0.0, 0.0, 0.0, 0.0, 0.0]","[0, 0, 0, 0, 0, 0, 1, 0, 0, 0, 0, 0]",56
65862-0618-90_RXNAVIMAGE10_B64EDB16_2.jpg,0,0,0,1,0,0,0,0,0,0,0,0,0,"[0.0, 0.0, 1.0, 0.0, 0.0, 0.0, 0.0, 0.0, 0.0, 0.0, 0.0, 0.0]","[0, 0, 0, 0, 0, 0, 1, 0, 1, 0, 0, 0]",57
68462-0235-01_RXNAVIMAGE10_693B3489_1.jpg,0,0,0,0,0,0,1,0,0,0,0,0,0,"[0.0, 0.0, 0.0, 0.0, 0.0, 1.0, 0.0, 0.0, 0.0, 0.0, 0.0, 0.0]","[0, 0, 0, 0, 0, 1, 1, 0, 1, 0, 0, 0]",60
68462-0235-01_RXNAVIMAGE10_693B3489_2.jpg,0,0,0,0,0,0,1,0,0,0,0,0,0,"[0.0, 0.0, 0.0, 0.0, 0.0, 1.0, 0.0, 0.0, 0.0, 0.0, 0.0, 0.0]","[0, 0, 0, 0, 0, 1, 1, 0, 1, 0, 0, 0]",61
00603-3443-28_RXNAVIMAGE10_0215810C_1.jpg,0,0,0,0,0,0,0,1,0,0,0,0,0,"[0.0, 0.0, 0.0, 0.0, 0.0, 0.0, 1.0, 0.0, 0.0, 0.0, 0.0, 0.0]","[0, 0, 0, 0, 0, 0, 0, 1, 0, 0, 0, 0]",72
00378-8030-93_RXNAVIMAGE10_7651BB0D_1.jpg,0,0,0,0,0,0,0,1,0,0,0,0,0,"[0.0, 0.0, 0.0, 0.0, 0.0, 0.0, 1.0, 0.0, 0.0, 0.0, 0.0, 0.0]","[0, 0, 0, 0, 0, 0, 1, 1, 0, 0, 0, 0]",78
65597-0117-30_RXNAVIMAGE10_A441D24E_1.jpg,0,0,0,0,0,0,0,0,0,1,0,0,0,"[0.0, 0.0, 0.0, 0.0, 0.0, 0.0, 0.0, 0.0, 1.0, 0.0, 0.0, 0.0]","[0, 0, 0, 0, 0, 0, 1, 0, 1, 0, 0, 0]",82
65597-0117-30_RXNAVIMAGE10_A441D24E_2.jpg,0,0,0,0,0,0,0,0,0,1,0,0,0,"[0.0, 0.0, 0.0, 0.0, 0.0, 0.0, 0.0, 0.0, 1.0, 0.0, 0.0, 0.0]","[0, 0, 0, 0, 0, 0, 1, 0, 0, 0, 0, 0]",83
29300-0128-01_RXNAVIMAGE10_3E409F54_2.jpg,0,0,0,0,0,0,1,0,0,0,0,0,0,"[0.0, 0.0, 0.0, 0.0, 0.0, 1.0, 0.0, 0.0, 0.0, 0.0, 0.0, 0.0]","[0, 0, 0, 0, 0, 1, 1, 0, 0, 0, 0, 0]",85
55111-0639-60_RXNAVIMAGE10_DA3BED0F_2.jpg,0,0,0,0,1,0,0,0,0,0,0,0,0,"[0.0, 0.0, 0.0, 1.0, 0.0, 0.0, 0.0, 0.0, 0.0, 0.0, 0.0, 0.0]","[0, 1, 0, 0, 0, 0, 0, 0, 0, 0, 0, 0]",89
67767-0133-60_RXNAVIMAGE10_26269354_1.jpg,0,0,0,0,0,0,0,0,0,0,0,0,1,"[0.0, 0.0, 0.0, 0.0, 0.0, 0.0, 0.0, 0.0, 0.0, 0.0, 0.0, 1.0]","[0, 0, 0, 0, 0, 0, 0, 0, 0, 0, 0, 0]",94
67767-0133-60_RXNAVIMAGE10_26269354_2.jpg,0,0,0,0,0,0,0,0,0,0,0,0,1,"[0.0, 0.0, 0.0, 0.0, 0.0, 0.0, 0.0, 0.0, 0.0, 0.0, 0.0, 1.0]","[0, 0, 0, 0, 0, 0, 0, 0, 0, 0, 0, 0]",95
42543-0727-01_RXNAVIMAGE10_334F99CC_2.jpg,0,0,1,0,0,0,0,0,0,0,0,1,0,"[0.0, 1.0, 0.0, 0.0, 0.0, 0.0, 0.0, 0.0, 0.0, 0.0, 1.0, 0.0]","[0, 1, 0, 0, 0, 0, 0, 0, 0, 0, 0, 0]",97
00245-0086-11_RXNAVIMAGE10_724AB955_1.jpg,0,0,1,0,0,0,0,0,0,0,0,0,0,"[0.0, 1.0, 0.0, 0.0, 0.0, 0.0, 0.0, 0.0, 0.0, 0.0, 0.0, 0.0]","[0, 1, 0, 0, 0, 0, 0, 0, 0, 1, 0, 0]",100
00245-0086-11_RXNAVIMAGE10_724AB955_2.jpg,0,0,1,0,0,0,0,0,0,0,0,0,0,"[0.0, 1.0, 0.0, 0.0, 0.0, 0.0, 0.0, 0.0, 0.0, 0.0, 0.0, 0.0]","[0, 1, 0, 0, 0, 0, 0, 0, 0, 1, 0, 0]",101
68462-0293-05_RXNAVIMAGE10_F03CF837_1.jpg,0,0,0,1,0,0,0,0,0,0,0,0,0,"[0.0, 0.0, 1.0, 0.0, 0.0, 0.0, 0.0, 0.0, 0.0, 0.0, 0.0, 0.0]","[0, 0, 0, 0, 0, 0, 0, 0, 0, 0, 0, 0]",104
68462-0293-05_RXNAVIMAGE10_F03CF837_2.jpg,0,0,0,1,0,0,0,0,0,0,0,0,0,"[0.0, 0.0, 1.0, 0.0, 0.0, 0.0, 0.0, 0.0, 0.0, 0.0, 0.0, 0.0]","[0, 0, 0, 0, 0, 1, 0, 0, 0, 0, 0, 0]",105
10135-0149-01_RXNAVIMAGE10_6634B305_1.jpg,0,0,0,0,0,0,0,1,0,0,0,1,0,"[0.0, 0.0, 0.0, 0.0, 0.0, 0.0, 1.0, 0.0, 0.0, 0.0, 1.0, 0.0]","[0, 0, 0, 0, 1, 0, 1, 0, 0, 0, 1, 0]",110
00536-3990-01_RXNAVIMAGE10_AC33564A_1.jpg,0,0,0,0,0,0,0,0,0,1,0,0,0,"[0.0, 0.0, 0.0, 0.0, 0.0, 0.0, 0.0, 0.0, 1.0, 0.0, 0.0, 0.0]","[0, 0, 0, 0, 0, 0, 1, 0, 0, 0, 0, 0]",112
00536-3990-01_RXNAVIMAGE10_AC33564A_2.jpg,0,0,0,0,0,0,0,0,0,1,0,0,0,"[0.0, 0.0, 0.0, 0.0, 0.0, 0.0, 0.0, 0.0, 1.0, 0.0, 0.0, 0.0]","[0, 0, 0, 0, 0, 0, 1, 0, 0, 0, 0, 0]",113
68462-0189-01_RXNAVIMAGE10_BB08DDE6_1.jpg,0,0,0,0,0,0,1,0,0,0,0,0,0,"[0.0, 0.0, 0.0, 0.0, 0.0, 1.0, 0.0, 0.0, 0.0, 0.0, 0.0, 0.0]","[0, 0, 0, 0, 0, 0, 0, 0, 0, 0, 0, 0]",114
68462-0189-01_RXNAVIMAGE10_BB08DDE6_2.jpg,0,0,0,0,0,0,1,0,0,0,0,0,0,"[0.0, 0.0, 0.0, 0.0, 0.0, 1.0, 0.0, 0.0, 0.0, 0.0, 0.0, 0.0]","[0, 0, 0, 0, 0, 0, 0, 0, 0, 0, 0, 0]",115
64679-0936-03_RXNAVIMAGE10_7E05BF4D_1.jpg,0,0,0,1,0,0,0,0,0,0,0,0,0,"[0.0, 0.0, 1.0, 0.0, 0.0, 0.0, 0.0, 0.0, 0.0, 0.0, 0.0, 0.0]","[0, 0, 0, 0, 0, 0, 1, 0, 0, 0, 0, 0]",118
64679-0936-03_RXNAVIMAGE10_7E05BF4D_2.jpg,0,0,0,1,0,0,0,0,0,0,0,0,0,"[0.0, 0.0, 1.0, 0.0, 0.0, 0.0, 0.0, 0.0, 0.0, 0.0, 0.0, 0.0]","[0, 0, 1, 0, 0, 1, 0, 0, 0, 0, 0, 0]",119
68180-0221-01_RXNAVIMAGE10_4B3C25D1_1.jpg,0,0,0,0,0,0,1,0,0,0,0,0,0,"[0.0, 0.0, 0.0, 0.0, 0.0, 1.0, 0.0, 0.0, 0.0, 0.0, 0.0, 0.0]","[0, 0, 0, 0, 0, 1, 1, 0, 0, 0, 0, 0]",128
68180-0221-01_RXNAVIMAGE10_4B3C25D1_2.jpg,0,0,0,0,0,0,1,0,0,0,0,0,0,"[0.0, 0.0, 0.0, 0.0, 0.0, 1.0, 0.0, 0.0, 0.0, 0.0, 0.0, 0.0]","[0, 0, 0, 0, 0, 1, 1, 0, 0, 0, 0, 0]",129
45963-0600-09_RXNAVIMAGE10_863B432A_1.jpg,0,0,0,0,0,0,0,0,0,1,0,0,0,"[0.0, 0.0, 0.0, 0.0, 0.0, 0.0, 0.0, 0.0, 1.0, 0.0, 0.0, 0.0]","[0, 0, 0, 0, 0, 0, 1, 0, 1, 0, 0, 0]",136
45963-0600-09_RXNAVIMAGE10_863B432A_2.jpg,0,0,0,0,0,0,0,0,0,1,0,0,0,"[0.0, 0.0, 0.0, 0.0, 0.0, 0.0, 0.0, 0.0, 1.0, 0.0, 0.0, 0.0]","[0, 0, 0, 0, 0, 1, 1, 0, 1, 0, 0, 0]",137
68382-0005-14_RXNAVIMAGE10_8B3CC5F6_1.jpg,0,0,0,0,0,0,0,0,0,0,0,1,0,"[0.0, 0.0, 0.0, 0.0, 0.0, 0.0, 0.0, 0.0, 0.0, 0.0, 1.0, 0.0]","[0, 0, 0, 1, 0, 0, 0, 0, 0, 0, 1, 0]",150
00009-5190-02_RXNAVIMAGE10_3C159E4C_1.jpg,0,0,0,0,0,1,0,0,0,0,0,0,0,"[0.0, 0.0, 0.0, 0.0, 1.0, 0.0, 0.0, 0.0, 0.0, 0.0, 0.0, 0.0]","[0, 0, 0, 0, 1, 0, 0, 0, 0, 1, 0, 0]",152
00093-7121-98_RXNAVIMAGE10_5D2BAE9D_1.jpg,0,0,0,0,0,1,0,0,0,0,0,0,0,"[0.0, 0.0, 0.0, 0.0, 1.0, 0.0, 0.0, 0.0, 0.0, 0.0, 0.0, 0.0]","[0, 0, 0, 0, 1, 0, 0, 0, 0, 0, 0, 1]",172
00093-7121-98_RXNAVIMAGE10_5D2BAE9D_2.jpg,0,0,0,0,0,1,0,0,0,0,0,0,0,"[0.0, 0.0, 0.0, 0.0, 1.0, 0.0, 0.0, 0.0, 0.0, 0.0, 0.0, 0.0]","[0, 0, 0, 0, 1, 0, 0, 0, 0, 0, 0, 1]",173
29033-0019-12_RXNAVIMAGE10_3C489E14_1.jpg,0,0,0,0,0,1,0,0,0,0,0,0,0,"[0.0, 0.0, 0.0, 0.0, 1.0, 0.0, 0.0, 0.0, 0.0, 0.0, 0.0, 0.0]","[0, 0, 0, 0, 1, 0, 0, 0, 0, 1, 0, 0]",176
62756-0712-86_RXNAVIMAGE10_890EC4C6_1.jpg,0,0,0,1,0,0,0,0,0,0,0,0,0,"[0.0, 0.0, 1.0, 0.0, 0.0, 0.0, 0.0, 0.0, 0.0, 0.0, 0.0, 0.0]","[0, 0, 1, 0, 0, 0, 0, 0, 1, 0, 0, 0]",178
62756-0712-86_RXNAVIMAGE10_890EC4C6_2.jpg,0,0,0,1,0,0,0,0,0,0,0,0,0,"[0.0, 0.0, 1.0, 0.0, 0.0, 0.0, 0.0, 0.0, 0.0, 0.0, 0.0, 0.0]","[0, 0, 0, 0, 0, 0, 0, 0, 1, 0, 0, 0]",179
11822-0532-01_RXNAVIMAGE10_E038F067_1.jpg,0,0,0,0,0,0,0,0,0,0,1,0,0,"[0.0, 0.0, 0.0, 0.0, 0.0, 0.0, 0.0, 0.0, 0.0, 1.0, 0.0, 0.0]","[0, 1, 0, 0, 0, 0, 0, 0, 0, 0, 0, 0]",184
11822-0532-01_RXNAVIMAGE10_E038F067_2.jpg,0,0,0,0,0,0,0,0,0,0,1,0,0,"[0.0, 0.0, 0.0, 0.0, 0.0, 0.0, 0.0, 0.0, 0.0, 1.0, 0.0, 0.0]","[0, 1, 0, 0, 0, 0, 0, 0, 0, 1, 0, 0]",185
29300-0140-05_RXNAVIMAGE10_AF39D79E_1.jpg,0,0,0,0,0,0,0,1,0,0,0,0,0,"[0.0, 0.0, 0.0, 0.0, 0.0, 0.0, 1.0, 0.0, 0.0, 0.0, 0.0, 0.0]","[0, 0, 0, 0, 0, 0, 1, 0, 1, 0, 0, 0]",192
29300-0140-05_RXNAVIMAGE10_AF39D79E_2.jpg,0,0,0,0,0,0,0,1,0,0,0,0,0,"[0.0, 0.0, 0.0, 0.0, 0.0, 0.0, 1.0, 0.0, 0.0, 0.0, 0.0, 0.0]","[0, 0, 0, 0, 0, 0, 1, 0, 1, 0, 0, 0]",193
65162-0668-50_RXNAVIMAGE10_120E0910_1.jpg,0,0,0,0,0,0,0,0,0,0,0,0,1,"[0.0, 0.0, 0.0, 0.0, 0.0, 0.0, 0.0, 0.0, 0.0, 0.0, 0.0, 1.0]","[0, 0, 1, 0, 0, 1, 0, 0, 0, 0, 0, 1]",200
65162-0668-50_RXNAVIMAGE10_120E0910_2.jpg,0,0,0,0,0,0,0,0,0,0,0,0,1,"[0.0, 0.0, 0.0, 0.0, 0.0, 0.0, 0.0, 0.0, 0.0, 0.0, 0.0, 1.0]","[0, 0, 1, 0, 0, 1, 0, 0, 0, 0, 0, 1]",201
00172-7311-46_RXNAVIMAGE10_922BC96E_2.jpg,0,0,0,0,0,0,0,0,0,0,0,0,1,"[0.0, 0.0, 0.0, 0.0, 0.0, 0.0, 0.0, 0.0, 0.0, 0.0, 0.0, 1.0]","[0, 0, 0, 0, 0, 0, 0, 0, 0, 0, 0, 0]",215
43547-0276-03_RXNAVIMAGE10_9839CC5E_1.jpg,0,0,0,0,0,0,0,0,0,0,0,0,1,"[0.0, 0.0, 0.0, 0.0, 0.0, 0.0, 0.0, 0.0, 0.0, 0.0, 0.0, 1.0]","[0, 0, 0, 0, 0, 0, 0, 0, 0, 0, 1, 0]",216
43547-0276-03_RXNAVIMAGE10_9839CC5E_2.jpg,0,0,0,0,0,0,0,0,0,0,0,0,1,"[0.0, 0.0, 0.0, 0.0, 0.0, 0.0, 0.0, 0.0, 0.0, 0.0, 0.0, 1.0]","[0, 0, 0, 0, 0, 0, 0, 0, 0, 0, 0, 0]",217
65862-0210-01_RXNAVIMAGE10_7A493D49_1.jpg,0,0,0,0,1,0,0,0,0,0,0,1,0,"[0.0, 0.0, 0.0, 1.0, 0.0, 0.0, 0.0, 0.0, 0.0, 0.0, 1.0, 0.0]","[0, 1, 0, 0, 0, 0, 0, 0, 0, 0, 1, 0]",218
75987-0010-03_RXNAVIMAGE10_B439DA0E_1.jpg,0,0,1,0,0,0,0,0,0,0,0,0,0,"[0.0, 1.0, 0.0, 0.0, 0.0, 0.0, 0.0, 0.0, 0.0, 0.0, 0.0, 0.0]","[0, 0, 0, 0, 0, 0, 0, 0, 0, 0, 0, 0]",222
75987-0010-03_RXNAVIMAGE10_B439DA0E_2.jpg,0,0,1,0,0,0,0,0,0,0,0,0,0,"[0.0, 1.0, 0.0, 0.0, 0.0, 0.0, 0.0, 0.0, 0.0, 0.0, 0.0, 0.0]","[0, 1, 0, 0, 0, 0, 0, 0, 0, 0, 1, 0]",223
63304-0240-01_RXNAVIMAGE10_4D3DA69D_1.jpg,0,0,0,0,0,0,1,0,0,0,0,0,0,"[0.0, 0.0, 0.0, 0.0, 0.0, 1.0, 0.0, 0.0, 0.0, 0.0, 0.0, 0.0]","[0, 0, 0, 0, 0, 1, 0, 0, 1, 0, 0, 0]",224
63304-0240-01_RXNAVIMAGE10_4D3DA69D_2.jpg,0,0,0,0,0,0,1,0,0,0,0,0,0,"[0.0, 0.0, 0.0, 0.0, 0.0, 1.0, 0.0, 0.0, 0.0, 0.0, 0.0, 0.0]","[0, 0, 0, 0, 0, 1, 0, 0, 1, 0, 0, 0]",225
00006-0464-05_RXNAVIMAGE10_4039A01D_1.jpg,0,0,0,0,0,0,0,0,0,0,0,1,1,"[0.0, 0.0, 0.0, 0.0, 0.0, 0.0, 0.0, 0.0, 0.0, 0.0, 1.0, 1.0]","[0, 0, 0, 0, 0, 0, 0, 0, 0, 0, 1, 0]",228
00093-2131-01_RXNAVIMAGE10_E729F3BF_1.jpg,0,0,0,0,0,0,0,1,0,0,0,0,0,"[0.0, 0.0, 0.0, 0.0, 0.0, 0.0, 1.0, 0.0, 0.0, 0.0, 0.0, 0.0]","[1, 0, 0, 0, 0, 0, 0, 0, 0, 0, 1, 0]",230
00093-2131-01_RXNAVIMAGE10_E729F3BF_2.jpg,0,0,0,0,0,0,0,1,0,0,0,0,0,"[0.0, 0.0, 0.0, 0.0, 0.0, 0.0, 1.0, 0.0, 0.0, 0.0, 0.0, 0.0]","[0, 0, 0, 0, 0, 0, 1, 0, 0, 0, 1, 0]",231
50458-0579-30_RXNAVIMAGE10_8F1DC7FE_2.jpg,0,0,0,0,0,0,0,0,0,1,0,0,0,"[0.0, 0.0, 0.0, 0.0, 0.0, 0.0, 0.0, 0.0, 1.0, 0.0, 0.0, 0.0]","[0, 0, 0, 0, 0, 0, 0, 0, 0, 0, 0, 0]",241
00378-6897-01_RXNAVIMAGE10_834D41BA_1.jpg,0,0,0,0,0,0,1,0,1,0,0,0,0,"[0.0, 0.0, 0.0, 0.0, 0.0, 1.0, 0.0, 1.0, 0.0, 0.0, 0.0, 0.0]","[0, 1, 0, 0, 0, 0, 0, 0, 0, 0, 0, 0]",250
00378-6897-01_RXNAVIMAGE10_834D41BA_2.jpg,0,0,0,0,0,0,1,0,1,0,0,0,0,"[0.0, 0.0, 0.0, 0.0, 0.0, 1.0, 0.0, 1.0, 0.0, 0.0, 0.0, 0.0]","[0, 1, 0, 0, 0, 1, 0, 0, 0, 0, 0, 0]",251
64727-3298-01_RXNAVIMAGE10_B908DC96_1.jpg,0,0,0,0,0,0,0,0,0,0,0,0,1,"[0.0, 0.0, 0.0, 0.0, 0.0, 0.0, 0.0, 0.0, 0.0, 0.0, 0.0, 1.0]","[0, 0, 0, 0, 0, 0, 0, 0, 0, 0, 0, 0]",252
68180-0516-02_RXNAVIMAGE10_10088804_1.jpg,0,0,0,0,0,0,0,0,0,1,0,0,0,"[0.0, 0.0, 0.0, 0.0, 0.0, 0.0, 0.0, 0.0, 1.0, 0.0, 0.0, 0.0]","[0, 0, 0, 0, 0, 0, 1, 0, 1, 0, 0, 0]",258
68180-0516-02_RXNAVIMAGE10_10088804_2.jpg,0,0,0,0,0,0,0,0,0,1,0,0,0,"[0.0, 0.0, 0.0, 0.0, 0.0, 0.0, 0.0, 0.0, 1.0, 0.0, 0.0, 0.0]","[0, 0, 0, 0, 0, 0, 1, 0, 1, 0, 0, 0]",259
00228-2599-11_RXNAVIMAGE10_5E33AF5D_1.jpg,0,0,0,0,1,0,0,0,0,0,0,0,0,"[0.0, 0.0, 0.0, 1.0, 0.0, 0.0, 0.0, 0.0, 0.0, 0.0, 0.0, 0.0]","[0, 0, 0, 1, 0, 0, 0, 0, 0, 0, 1, 0]",264
00228-2599-11_RXNAVIMAGE10_5E33AF5D_2.jpg,0,0,0,0,1,0,0,0,0,0,0,0,0,"[0.0, 0.0, 0.0, 1.0, 0.0, 0.0, 0.0, 0.0, 0.0, 0.0, 0.0, 0.0]","[0, 0, 0, 1, 0, 0, 0, 0, 0, 0, 1, 0]",265
00185-0102-01_RXNAVIMAGE10_024A0100_1.jpg,0,0,0,0,0,0,1,0,0,0,0,0,0,"[0.0, 0.0, 0.0, 0.0, 0.0, 1.0, 0.0, 0.0, 0.0, 0.0, 0.0, 0.0]","[0, 0, 0, 0, 0, 0, 1, 0, 1, 0, 0, 0]",266
00185-0102-01_RXNAVIMAGE10_024A0100_2.jpg,0,0,0,0,0,0,1,0,0,0,0,0,0,"[0.0, 0.0, 0.0, 0.0, 0.0, 1.0, 0.0, 0.0, 0.0, 0.0, 0.0, 0.0]","[0, 0, 0, 0, 0, 0, 1, 0, 1, 0, 0, 0]",267
52544-0384-28_RXNAVIMAGE10_55502AE1_1.jpg,0,0,0,0,0,0,0,1,0,0,0,0,0,"[0.0, 0.0, 0.0, 0.0, 0.0, 0.0, 1.0, 0.0, 0.0, 0.0, 0.0, 0.0]","[0, 0, 0, 0, 0, 1, 1, 0, 0, 0, 0, 0]",280
52544-0384-28_RXNAVIMAGE10_55502AE1_2.jpg,0,0,0,0,0,0,0,1,0,0,0,0,0,"[0.0, 0.0, 0.0, 0.0, 0.0, 0.0, 1.0, 0.0, 0.0, 0.0, 0.0, 0.0]","[0, 0, 0, 0, 0, 0, 1, 0, 1, 0, 0, 0]",281
47335-0894-81_RXNAVIMAGE10_7F1DBFBD_1.jpg,0,0,0,0,0,0,0,1,0,0,0,0,0,"[0.0, 0.0, 0.0, 0.0, 0.0, 0.0, 1.0, 0.0, 0.0, 0.0, 0.0, 0.0]","[0, 0, 1, 0, 0, 1, 1, 0, 0, 0, 0, 0]",298
00597-0001-60_RXNAVIMAGE10_7303B9ED_1.jpg,0,0,0,0,0,0,0,0,0,1,0,1,0,"[0.0, 0.0, 0.0, 0.0, 0.0, 0.0, 0.0, 0.0, 1.0, 0.0, 1.0, 0.0]","[0, 0, 0, 0, 0, 0, 0, 0, 1, 0, 0, 0]",308
00597-0001-60_RXNAVIMAGE10_7303B9ED_2.jpg,0,0,0,0,0,0,0,0,0,1,0,1,0,"[0.0, 0.0, 0.0, 0.0, 0.0, 0.0, 0.0, 0.0, 1.0, 0.0, 1.0, 0.0]","[0, 0, 0, 0, 0, 0, 0, 0, 1, 0, 0, 1]",309
60505-3758-09_RXNAVIMAGE10_8C384622_1.jpg,0,0,0,0,0,0,1,0,0,0,0,0,0,"[0.0, 0.0, 0.0, 0.0, 0.0, 1.0, 0.0, 0.0, 0.0, 0.0, 0.0, 0.0]","[0, 0, 1, 0, 0, 1, 0, 0, 0, 0, 0, 0]",314
60505-3758-09_RXNAVIMAGE10_8C384622_2.jpg,0,0,0,0,0,0,1,0,0,0,0,0,0,"[0.0, 0.0, 0.0, 0.0, 0.0, 1.0, 0.0, 0.0, 0.0, 0.0, 0.0, 0.0]","[0, 0, 1, 0, 0, 1, 0, 0, 0, 0, 0, 0]",315
51991-0746-90_RXNAVIMAGE10_7151B8CD_2.jpg,0,0,0,0,0,0,0,0,0,0,0,0,1,"[0.0, 0.0, 0.0, 0.0, 0.0, 0.0, 0.0, 0.0, 0.0, 0.0, 0.0, 1.0]","[0, 0, 0, 0, 0, 1, 0, 0, 0, 0, 0, 0]",319
00185-0771-30_RXNAVIMAGE10_8B39C59E_1.jpg,0,0,0,0,0,0,0,1,0,0,0,0,0,"[0.0, 0.0, 0.0, 0.0, 0.0, 0.0, 1.0, 0.0, 0.0, 0.0, 0.0, 0.0]","[0, 0, 0, 0, 0, 1, 1, 0, 0, 0, 0, 0]",326
00054-0289-13_RXNAVIMAGE10_D550EAE7_1.jpg,0,0,0,0,0,0,0,1,0,0,0,0,0,"[0.0, 0.0, 0.0, 0.0, 0.0, 0.0, 1.0, 0.0, 0.0, 0.0, 0.0, 0.0]","[0, 0, 0, 0, 0, 0, 1, 0, 1, 0, 0, 0]",336
00378-7001-93_RXNAVIMAGE10_273393FC_1.jpg,0,0,1,0,0,0,0,0,0,0,0,0,0,"[0.0, 1.0, 0.0, 0.0, 0.0, 0.0, 0.0, 0.0, 0.0, 0.0, 0.0, 0.0]","[0, 1, 0, 0, 0, 0, 0, 0, 0, 1, 0, 0]",340
00378-7001-93_RXNAVIMAGE10_273393FC_2.jpg,0,0,1,0,0,0,0,0,0,0,0,0,0,"[0.0, 1.0, 0.0, 0.0, 0.0, 0.0, 0.0, 0.0, 0.0, 0.0, 0.0, 0.0]","[0, 1, 0, 0, 0, 0, 0, 0, 0, 1, 0, 0]",341
00555-9028-58_RXNAVIMAGE10_642FB23D_1.jpg,0,0,0,0,0,0,0,1,0,0,0,0,0,"[0.0, 0.0, 0.0, 0.0, 0.0, 0.0, 1.0, 0.0, 0.0, 0.0, 0.0, 0.0]","[0, 0, 0, 0, 0, 0, 1, 0, 1, 0, 0, 0]",344
00781-1064-10_RXNAVIMAGE10_57042B91_2.jpg,0,0,0,0,0,0,0,0,1,0,0,0,0,"[0.0, 0.0, 0.0, 0.0, 0.0, 0.0, 0.0, 1.0, 0.0, 0.0, 0.0, 0.0]","[0, 0, 0, 0, 1, 0, 1, 1, 0, 0, 0, 0]",349
00591-2317-19_RXNAVIMAGE10_AA3D556A_1.jpg,0,0,0,1,0,0,0,0,0,0,0,0,0,"[0.0, 0.0, 1.0, 0.0, 0.0, 0.0, 0.0, 0.0, 0.0, 0.0, 0.0, 0.0]","[0, 0, 1, 0, 0, 1, 0, 0, 0, 0, 0, 0]",350
00591-2317-19_RXNAVIMAGE10_AA3D556A_2.jpg,0,0,0,1,0,0,0,0,0,0,0,0,0,"[0.0, 0.0, 1.0, 0.0, 0.0, 0.0, 0.0, 0.0, 0.0, 0.0, 0.0, 0.0]","[0, 0, 1, 0, 0, 1, 0, 0, 0, 0, 0, 0]",351
68382-0271-14_RXNAVIMAGE10_E749F38F_1.jpg,0,0,0,0,0,0,1,0,0,0,0,0,0,"[0.0, 0.0, 0.0, 0.0, 0.0, 1.0, 0.0, 0.0, 0.0, 0.0, 0.0, 0.0]","[0, 0, 0, 0, 0, 1, 1, 0, 1, 0, 0, 0]",354
68382-0271-14_RXNAVIMAGE10_E749F38F_2.jpg,0,0,0,0,0,0,1,0,0,0,0,0,0,"[0.0, 0.0, 0.0, 0.0, 0.0, 1.0, 0.0, 0.0, 0.0, 0.0, 0.0, 0.0]","[0, 0, 0, 0, 0, 1, 0, 0, 1, 0, 0, 0]",355
66993-0077-30_RXNAVIMAGE10_3F399FEC_1.jpg,0,0,1,0,0,1,0,0,0,0,0,0,0,"[0.0, 1.0, 0.0, 0.0, 1.0, 0.0, 0.0, 0.0, 0.0, 0.0, 0.0, 0.0]","[0, 1, 0, 0, 0, 0, 0, 0, 0, 0, 0, 0]",356
66993-0077-30_RXNAVIMAGE10_3F399FEC_2.jpg,0,0,1,0,0,1,0,0,0,0,0,0,0,"[0.0, 1.0, 0.0, 0.0, 1.0, 0.0, 0.0, 0.0, 0.0, 0.0, 0.0, 0.0]","[0, 1, 0, 0, 0, 0, 0, 0, 0, 0, 0, 0]",357
59762-1417-03_RXNAVIMAGE10_7F08BFB5_1.jpg,0,0,0,1,0,0,0,0,0,0,0,0,0,"[0.0, 0.0, 1.0, 0.0, 0.0, 0.0, 0.0, 0.0, 0.0, 0.0, 0.0, 0.0]","[0, 0, 1, 0, 0, 1, 1, 0, 1, 0, 0, 0]",360
59762-1417-03_RXNAVIMAGE10_7F08BFB5_2.jpg,0,0,0,1,0,0,0,0,0,0,0,0,0,"[0.0, 0.0, 1.0, 0.0, 0.0, 0.0, 0.0, 0.0, 0.0, 0.0, 0.0, 0.0]","[0, 0, 1, 0, 0, 1, 0, 0, 1, 0, 0, 0]",361
31722-0521-01_RXNAVIMAGE10_8607C35E_1.jpg,0,0,0,0,0,0,1,0,0,0,0,0,0,"[0.0, 0.0, 0.0, 0.0, 0.0, 1.0, 0.0, 0.0, 0.0, 0.0, 0.0, 0.0]","[0, 0, 1, 0, 0, 1, 0, 0, 0, 0, 0, 0]",364
31722-0521-01_RXNAVIMAGE10_8607C35E_2.jpg,0,0,0,0,0,0,1,0,0,0,0,0,0,"[0.0, 0.0, 0.0, 0.0, 0.0, 1.0, 0.0, 0.0, 0.0, 0.0, 0.0, 0.0]","[0, 0, 1, 0, 0, 1, 0, 0, 0, 0, 0, 0]",365
59762-2004-01_RXNAVIMAGE10_E61DF31F_1.jpg,0,0,1,0,0,0,0,0,0,0,0,1,0,"[0.0, 1.0, 0.0, 0.0, 0.0, 0.0, 0.0, 0.0, 0.0, 0.0, 1.0, 0.0]","[0, 1, 0, 0, 0, 0, 0, 0, 0, 0, 0, 0]",368
17478-0766-10_RXNAVIMAGE10_2A3E9574_1.jpg,0,0,0,0,0,0,0,0,0,1,0,0,0,"[0.0, 0.0, 0.0, 0.0, 0.0, 0.0, 0.0, 0.0, 1.0, 0.0, 0.0, 0.0]","[0, 0, 0, 0, 0, 0, 0, 0, 0, 0, 0, 0]",370
64727-3300-01_RXNAVIMAGE10_DC3F6E2B_2.jpg,0,0,0,1,0,0,0,0,0,0,0,0,0,"[0.0, 0.0, 1.0, 0.0, 0.0, 0.0, 0.0, 0.0, 0.0, 0.0, 0.0, 0.0]","[0, 0, 0, 0, 0, 0, 0, 0, 0, 0, 0, 0]",373
00143-3126-01_RXNAVIMAGE10_AF34D7F6_1.jpg,0,0,1,0,0,0,0,0,0,0,0,0,0,"[0.0, 1.0, 0.0, 0.0, 0.0, 0.0, 0.0, 0.0, 0.0, 0.0, 0.0, 0.0]","[0, 1, 0, 0, 0, 0, 0, 1, 0, 0, 0, 0]",374
00228-2666-11_RXNAVIMAGE10_DB34ED87_1.jpg,0,0,0,0,0,0,1,0,0,0,0,0,1,"[0.0, 0.0, 0.0, 0.0, 0.0, 1.0, 0.0, 0.0, 0.0, 0.0, 0.0, 1.0]","[0, 0, 0, 0, 0, 0, 0, 0, 0, 0, 0, 1]",376
00172-2416-80_RXNAVIMAGE10_A00ED066_1.jpg,0,0,0,0,0,0,1,0,0,0,0,0,1,"[0.0, 0.0, 0.0, 0.0, 0.0, 1.0, 0.0, 0.0, 0.0, 0.0, 0.0, 1.0]","[0, 0, 0, 0, 0, 0, 0, 0, 0, 0, 0, 1]",382
00172-2416-80_RXNAVIMAGE10_A00ED066_2.jpg,0,0,0,0,0,0,1,0,0,0,0,0,1,"[0.0, 0.0, 0.0, 0.0, 0.0, 1.0, 0.0, 0.0, 0.0, 0.0, 0.0, 1.0]","[0, 0, 0, 0, 0, 0, 0, 0, 0, 0, 0, 0]",383
00173-0991-55_RXNAVIMAGE10_D7196BCB_2.jpg,0,0,1,0,0,0,0,0,0,0,0,0,0,"[0.0, 1.0, 0.0, 0.0, 0.0, 0.0, 0.0, 0.0, 0.0, 0.0, 0.0, 0.0]","[0, 1, 0, 1, 0, 0, 0, 0, 0, 0, 0, 0]",387
60505-0014-06_RXNAVIMAGE10_633831B1_1.jpg,0,0,0,0,0,0,1,0,0,0,0,1,0,"[0.0, 0.0, 0.0, 0.0, 0.0, 1.0, 0.0, 0.0, 0.0, 0.0, 1.0, 0.0]","[0, 0, 0, 0, 0, 1, 0, 0, 0, 0, 1, 1]",388
60505-0014-06_RXNAVIMAGE10_633831B1_2.jpg,0,0,0,0,0,0,1,0,0,0,0,1,0,"[0.0, 0.0, 0.0, 0.0, 0.0, 1.0, 0.0, 0.0, 0.0, 0.0, 1.0, 0.0]","[0, 0, 0, 0, 0, 1, 0, 0, 0, 0, 0, 1]",389
00093-9133-06_RXNAVIMAGE10_A4205202_2.jpg,0,0,0,0,0,0,0,1,0,0,0,0,0,"[0.0, 0.0, 0.0, 0.0, 0.0, 0.0, 1.0, 0.0, 0.0, 0.0, 0.0, 0.0]","[0, 0, 0, 0, 0, 0, 1, 1, 0, 0, 0, 0]",393
51991-0384-90_RXNAVIMAGE10_9C07CE0E_1.jpg,0,0,0,0,0,0,0,0,0,1,0,0,0,"[0.0, 0.0, 0.0, 0.0, 0.0, 0.0, 0.0, 0.0, 1.0, 0.0, 0.0, 0.0]","[0, 0, 0, 0, 0, 0, 1, 1, 0, 0, 0, 0]",408
51991-0384-90_RXNAVIMAGE10_9C07CE0E_2.jpg,0,0,0,0,0,0,0,0,0,1,0,0,0,"[0.0, 0.0, 0.0, 0.0, 0.0, 0.0, 0.0, 0.0, 1.0, 0.0, 0.0, 0.0]","[0, 0, 0, 0, 0, 0, 1, 0, 0, 0, 0, 0]",409
51991-0820-01_RXNAVIMAGE10_B141589A_1.jpg,0,0,0,1,0,0,0,0,0,0,0,0,0,"[0.0, 0.0, 1.0, 0.0, 0.0, 0.0, 0.0, 0.0, 0.0, 0.0, 0.0, 0.0]","[0, 0, 0, 0, 0, 0, 1, 0, 0, 0, 0, 0]",416
51991-0820-01_RXNAVIMAGE10_B141589A_2.jpg,0,0,0,1,0,0,0,0,0,0,0,0,0,"[0.0, 0.0, 1.0, 0.0, 0.0, 0.0, 0.0, 0.0, 0.0, 0.0, 0.0, 0.0]","[0, 0, 1, 0, 0, 0, 1, 0, 1, 0, 0, 0]",417
66993-0165-02_RXNAVIMAGE10_8E404752_2.jpg,0,0,0,0,0,0,0,0,1,0,0,0,0,"[0.0, 0.0, 0.0, 0.0, 0.0, 0.0, 0.0, 1.0, 0.0, 0.0, 0.0, 0.0]","[0, 0, 0, 0, 0, 0, 1, 1, 0, 0, 0, 0]",419
00093-7433-98_RXNAVIMAGE10_E643737B_1.jpg,0,0,0,0,0,0,1,0,0,0,0,0,0,"[0.0, 0.0, 0.0, 0.0, 0.0, 1.0, 0.0, 0.0, 0.0, 0.0, 0.0, 0.0]","[0, 0, 1, 0, 0, 0, 0, 0, 0, 0, 0, 0]",420
00093-7433-98_RXNAVIMAGE10_E643737B_2.jpg,0,0,0,0,0,0,1,0,0,0,0,0,0,"[0.0, 0.0, 0.0, 0.0, 0.0, 1.0, 0.0, 0.0, 0.0, 0.0, 0.0, 0.0]","[0, 0, 1, 0, 0, 1, 0, 0, 0, 0, 0, 0]",421
00093-8164-01_RXNAVIMAGE10_42362161_1.jpg,0,0,0,0,0,0,0,0,0,0,0,0,1,"[0.0, 0.0, 0.0, 0.0, 0.0, 0.0, 0.0, 0.0, 0.0, 0.0, 0.0, 1.0]","[0, 0, 0, 0, 0, 0, 0, 0, 0, 0, 1, 0]",422
00093-8164-01_RXNAVIMAGE10_42362161_2.jpg,0,0,0,0,0,0,0,0,0,0,0,0,1,"[0.0, 0.0, 0.0, 0.0, 0.0, 0.0, 0.0, 0.0, 0.0, 0.0, 0.0, 1.0]","[0, 0, 0, 0, 0, 0, 0, 0, 0, 0, 1, 0]",423
00093-5513-89_RXNAVIMAGE10_B7365BE2_1.jpg,0,0,0,0,1,1,0,0,0,0,0,0,0,"[0.0, 0.0, 0.0, 1.0, 1.0, 0.0, 0.0, 0.0, 0.0, 0.0, 0.0, 0.0]","[0, 0, 0, 1, 1, 0, 0, 0, 0, 1, 0, 0]",430
00093-5513-89_RXNAVIMAGE10_B7365BE2_2.jpg,0,0,0,0,1,1,0,0,0,0,0,0,0,"[0.0, 0.0, 0.0, 1.0, 1.0, 0.0, 0.0, 0.0, 0.0, 0.0, 0.0, 0.0]","[0, 1, 0, 0, 1, 0, 0, 0, 0, 1, 0, 0]",431
00555-0971-02_RXNAVIMAGE10_EA427503_2.jpg,0,0,1,0,0,0,0,0,0,0,0,0,0,"[0.0, 1.0, 0.0, 0.0, 0.0, 0.0, 0.0, 0.0, 0.0, 0.0, 0.0, 0.0]","[0, 1, 0, 0, 0, 0, 0, 1, 0, 0, 0, 0]",441
31722-0728-30_RXNAVIMAGE10_8250C176_1.jpg,0,0,0,0,0,0,0,1,0,0,0,0,0,"[0.0, 0.0, 0.0, 0.0, 0.0, 0.0, 1.0, 0.0, 0.0, 0.0, 0.0, 0.0]","[0, 0, 1, 0, 0, 0, 1, 0, 0, 0, 0, 0]",442
00456-1510-60_RXNAVIMAGE10_011C8094_1.jpg,0,0,0,0,0,0,0,1,0,0,0,0,0,"[0.0, 0.0, 0.0, 0.0, 0.0, 0.0, 1.0, 0.0, 0.0, 0.0, 0.0, 0.0]","[0, 0, 0, 0, 0, 0, 1, 0, 1, 0, 0, 0]",448
00093-2130-01_RXNAVIMAGE10_E329F1AF_1.jpg,0,0,0,0,0,0,0,1,0,0,0,1,0,"[0.0, 0.0, 0.0, 0.0, 0.0, 0.0, 1.0, 0.0, 0.0, 0.0, 1.0, 0.0]","[1, 0, 0, 0, 0, 0, 0, 0, 0, 0, 1, 0]",456
00093-2130-01_RXNAVIMAGE10_E329F1AF_2.jpg,0,0,0,0,0,0,0,1,0,0,0,1,0,"[0.0, 0.0, 0.0, 0.0, 0.0, 0.0, 1.0, 0.0, 0.0, 0.0, 1.0, 0.0]","[1, 0, 0, 0, 0, 0, 0, 0, 0, 0, 1, 0]",457
65862-0528-90_RXNAVIMAGE10_AB5055D2_1.jpg,0,0,0,0,0,0,1,0,0,0,0,0,0,"[0.0, 0.0, 0.0, 0.0, 0.0, 1.0, 0.0, 0.0, 0.0, 0.0, 0.0, 0.0]","[0, 0, 0, 1, 0, 0, 1, 0, 0, 0, 1, 0]",484
23155-0113-01_RXNAVIMAGE10_AD4756EA_2.jpg,0,0,0,0,0,0,0,1,0,0,0,0,0,"[0.0, 0.0, 0.0, 0.0, 0.0, 0.0, 1.0, 0.0, 0.0, 0.0, 0.0, 0.0]","[0, 0, 0, 0, 0, 0, 1, 1, 0, 0, 0, 0]",491
61269-0212-90_RXNAVIMAGE10_954D4AEA_1.jpg,0,0,0,0,0,0,0,0,0,0,0,1,0,"[0.0, 0.0, 0.0, 0.0, 0.0, 0.0, 0.0, 0.0, 0.0, 0.0, 1.0, 0.0]","[1, 0, 0, 0, 0, 0, 0, 0, 0, 0, 1, 0]",492
61269-0212-90_RXNAVIMAGE10_954D4AEA_2.jpg,0,0,0,0,0,0,0,0,0,0,0,1,0,"[0.0, 0.0, 0.0, 0.0, 0.0, 0.0, 0.0, 0.0, 0.0, 0.0, 1.0, 0.0]","[0, 0, 0, 0, 1, 0, 0, 0, 0, 0, 1, 0]",493
00093-0813-01_RXNAVIMAGE10_2D2316A8_1.jpg,0,0,0,0,0,0,1,0,0,0,0,0,0,"[0.0, 0.0, 0.0, 0.0, 0.0, 1.0, 0.0, 0.0, 0.0, 0.0, 0.0, 0.0]","[0, 0, 0, 0, 0, 1, 0, 0, 0, 0, 0, 1]",498
67253-0391-50_RXNAVIMAGE10_81404092_1.jpg,0,0,0,0,0,0,1,0,0,0,0,0,0,"[0.0, 0.0, 0.0, 0.0, 0.0, 1.0, 0.0, 0.0, 0.0, 0.0, 0.0, 0.0]","[0, 0, 0, 0, 0, 1, 1, 0, 0, 0, 0, 0]",502
67253-0391-50_RXNAVIMAGE10_81404092_2.jpg,0,0,0,0,0,0,1,0,0,0,0,0,0,"[0.0, 0.0, 0.0, 0.0, 0.0, 1.0, 0.0, 0.0, 0.0, 0.0, 0.0, 0.0]","[0, 0, 0, 0, 0, 1, 1, 0, 0, 0, 0, 0]",503
69387-0119-01_RXNAVIMAGE10_124F0938_1.jpg,0,0,0,0,0,0,0,0,0,0,0,0,1,"[0.0, 0.0, 0.0, 0.0, 0.0, 0.0, 0.0, 0.0, 0.0, 0.0, 0.0, 1.0]","[0, 0, 1, 0, 0, 0, 0, 0, 0, 0, 0, 1]",504
00378-8305-01_RXNAVIMAGE10_F148F8D7_1.jpg,0,0,0,1,0,0,0,0,0,0,0,0,0,"[0.0, 0.0, 1.0, 0.0, 0.0, 0.0, 0.0, 0.0, 0.0, 0.0, 0.0, 0.0]","[0, 0, 1, 0, 0, 0, 0, 0, 1, 0, 0, 0]",510
00378-8305-01_RXNAVIMAGE10_F148F8D7_2.jpg,0,0,0,1,0,0,0,0,0,0,0,0,0,"[0.0, 0.0, 1.0, 0.0, 0.0, 0.0, 0.0, 0.0, 0.0, 0.0, 0.0, 0.0]","[0, 0, 0, 0, 0, 0, 0, 0, 1, 0, 0, 0]",511
00456-2220-30_RXNAVIMAGE10_6B4A3581_1.jpg,0,0,0,0,0,0,0,0,0,0,0,1,1,"[0.0, 0.0, 0.0, 0.0, 0.0, 0.0, 0.0, 0.0, 0.0, 0.0, 1.0, 1.0]","[0, 0, 0, 0, 0, 0, 0, 0, 0, 0, 1, 0]",514
00456-2220-30_RXNAVIMAGE10_6B4A3581_2.jpg,0,0,0,0,0,0,0,0,0,0,0,1,1,"[0.0, 0.0, 0.0, 0.0, 0.0, 0.0, 0.0, 0.0, 0.0, 0.0, 1.0, 1.0]","[0, 0, 0, 1, 0, 0, 0, 0, 0, 0, 1, 0]",515
00603-5090-21_RXNAVIMAGE10_EF0877B3_1.jpg,0,0,0,0,1,0,0,0,0,0,0,0,0,"[0.0, 0.0, 0.0, 1.0, 0.0, 0.0, 0.0, 0.0, 0.0, 0.0, 0.0, 0.0]","[0, 0, 0, 0, 0, 0, 0, 0, 0, 0, 1, 0]",516
00603-5090-21_RXNAVIMAGE10_EF0877B3_2.jpg,0,0,0,0,1,0,0,0,0,0,0,0,0,"[0.0, 0.0, 0.0, 1.0, 0.0, 0.0, 0.0, 0.0, 0.0, 0.0, 0.0, 0.0]","[0, 0, 0, 0, 0, 0, 0, 0, 0, 0, 1, 0]",517
51991-0294-01_RXNAVIMAGE10_623C3171_1.jpg,0,0,0,1,0,0,0,0,0,0,0,0,0,"[0.0, 0.0, 1.0, 0.0, 0.0, 0.0, 0.0, 0.0, 0.0, 0.0, 0.0, 0.0]","[0, 0, 1, 0, 0, 1, 0, 0, 0, 0, 0, 0]",522
51991-0294-01_RXNAVIMAGE10_623C3171_2.jpg,0,0,0,1,0,0,0,0,0,0,0,0,0,"[0.0, 0.0, 1.0, 0.0, 0.0, 0.0, 0.0, 0.0, 0.0, 0.0, 0.0, 0.0]","[0, 0, 1, 0, 0, 1, 0, 0, 0, 0, 0, 0]",523
59762-5021-01_RXNAVIMAGE10_19230CB8_1.jpg,0,0,0,1,0,0,0,0,0,0,0,0,0,"[0.0, 0.0, 1.0, 0.0, 0.0, 0.0, 0.0, 0.0, 0.0, 0.0, 0.0, 0.0]","[0, 0, 1, 0, 0, 0, 0, 0, 1, 0, 0, 0]",530
59762-5021-01_RXNAVIMAGE10_19230CB8_2.jpg,0,0,0,1,0,0,0,0,0,0,0,0,0,"[0.0, 0.0, 1.0, 0.0, 0.0, 0.0, 0.0, 0.0, 0.0, 0.0, 0.0, 0.0]","[0, 0, 0, 0, 0, 0, 0, 0, 1, 0, 0, 0]",531
68180-0315-06_RXNAVIMAGE10_28081450_1.jpg,0,0,0,0,0,0,1,0,0,0,0,0,1,"[0.0, 0.0, 0.0, 0.0, 0.0, 1.0, 0.0, 0.0, 0.0, 0.0, 0.0, 1.0]","[0, 0, 0, 0, 0, 1, 0, 0, 0, 0, 0, 0]",532
68180-0315-06_RXNAVIMAGE10_28081450_2.jpg,0,0,0,0,0,0,1,0,0,0,0,0,1,"[0.0, 0.0, 0.0, 0.0, 0.0, 1.0, 0.0, 0.0, 0.0, 0.0, 0.0, 1.0]","[0, 0, 0, 0, 0, 1, 0, 0, 0, 0, 0, 0]",533
00378-4022-01_RXNAVIMAGE10_9D404EA2_1.jpg,0,0,0,0,0,0,0,1,0,0,0,0,0,"[0.0, 0.0, 0.0, 0.0, 0.0, 0.0, 1.0, 0.0, 0.0, 0.0, 0.0, 0.0]","[0, 0, 0, 0, 0, 0, 1, 1, 0, 0, 0, 0]",540
60505-2850-01_RXNAVIMAGE10_30441840_1.jpg,0,0,0,0,0,0,0,0,0,0,0,0,1,"[0.0, 0.0, 0.0, 0.0, 0.0, 0.0, 0.0, 0.0, 0.0, 0.0, 0.0, 1.0]","[0, 0, 0, 0, 0, 0, 0, 0, 0, 0, 0, 0]",544
29300-0126-01_RXNAVIMAGE10_26131378_1.jpg,0,0,0,0,0,0,0,1,0,0,0,0,0,"[0.0, 0.0, 0.0, 0.0, 0.0, 0.0, 1.0, 0.0, 0.0, 0.0, 0.0, 0.0]","[0, 0, 0, 0, 0, 1, 1, 0, 1, 0, 0, 0]",548
29300-0126-01_RXNAVIMAGE10_26131378_2.jpg,0,0,0,0,0,0,0,1,0,0,0,0,0,"[0.0, 0.0, 0.0, 0.0, 0.0, 0.0, 1.0, 0.0, 0.0, 0.0, 0.0, 0.0]","[0, 0, 0, 0, 0, 0, 1, 0, 1, 0, 0, 0]",549
68382-0052-01_RXNAVIMAGE10_3B129D84_1.jpg,0,0,0,0,0,0,0,1,0,0,0,0,0,"[0.0, 0.0, 0.0, 0.0, 0.0, 0.0, 1.0, 0.0, 0.0, 0.0, 0.0, 0.0]","[0, 0, 0, 0, 0, 0, 1, 0, 1, 0, 0, 0]",550
00093-2272-34_RXNAVIMAGE10_DD2D6EBB_1.jpg,0,0,0,0,0,0,0,1,0,0,0,0,0,"[0.0, 0.0, 0.0, 0.0, 0.0, 0.0, 1.0, 0.0, 0.0, 0.0, 0.0, 0.0]","[0, 0, 0, 0, 0, 0, 1, 0, 1, 0, 0, 0]",552
00093-2272-34_RXNAVIMAGE10_DD2D6EBB_2.jpg,0,0,0,0,0,0,0,1,0,0,0,0,0,"[0.0, 0.0, 0.0, 0.0, 0.0, 0.0, 1.0, 0.0, 0.0, 0.0, 0.0, 0.0]","[0, 0, 0, 0, 0, 0, 1, 0, 1, 0, 0, 0]",553
51672-4011-05_RXNAVIMAGE10_F804FC47_1.jpg,0,0,1,0,0,0,0,0,0,0,1,0,0,"[0.0, 1.0, 0.0, 0.0, 0.0, 0.0, 0.0, 0.0, 0.0, 1.0, 0.0, 0.0]","[0, 1, 0, 0, 0, 0, 0, 0, 0, 0, 0, 0]",554
51672-4011-05_RXNAVIMAGE10_F804FC47_2.jpg,0,0,1,0,0,0,0,0,0,0,1,0,0,"[0.0, 1.0, 0.0, 0.0, 0.0, 0.0, 0.0, 0.0, 0.0, 1.0, 0.0, 0.0]","[0, 1, 0, 0, 0, 0, 0, 0, 0, 0, 0, 0]",555
16714-0356-01_RXNAVIMAGE10_CD4466D3_1.jpg,0,0,0,0,0,0,0,1,0,0,0,0,0,"[0.0, 0.0, 0.0, 0.0, 0.0, 0.0, 1.0, 0.0, 0.0, 0.0, 0.0, 0.0]","[0, 0, 0, 0, 0, 1, 1, 0, 0, 0, 0, 0]",556
00378-4162-01_RXNAVIMAGE10_A84ED456_2.jpg,0,0,0,1,0,0,0,0,0,0,0,0,0,"[0.0, 0.0, 1.0, 0.0, 0.0, 0.0, 0.0, 0.0, 0.0, 0.0, 0.0, 0.0]","[0, 0, 0, 0, 0, 0, 0, 0, 0, 0, 0, 0]",559
00093-7370-01_RXNAVIMAGE10_C419623B_2.jpg,0,0,0,0,0,0,0,0,0,0,0,1,0,"[0.0, 0.0, 0.0, 0.0, 0.0, 0.0, 0.0, 0.0, 0.0, 0.0, 1.0, 0.0]","[1, 0, 0, 0, 0, 0, 0, 0, 0, 0, 1, 0]",567
53746-0542-05_RXNAVIMAGE10_A94D54DA_1.jpg,0,0,1,0,0,0,0,0,0,0,0,0,0,"[0.0, 1.0, 0.0, 0.0, 0.0, 0.0, 0.0, 0.0, 0.0, 0.0, 0.0, 0.0]","[1, 1, 0, 0, 0, 0, 0, 0, 0, 0, 0, 0]",592
53746-0542-05_RXNAVIMAGE10_A94D54DA_2.jpg,0,0,1,0,0,0,0,0,0,0,0,0,0,"[0.0, 1.0, 0.0, 0.0, 0.0, 0.0, 0.0, 0.0, 0.0, 0.0, 0.0, 0.0]","[1, 1, 0, 0, 0, 0, 0, 0, 0, 0, 0, 0]",593
24658-0300-90_RXNAVIMAGE10_1F3D8FBC_2.jpg,0,0,0,0,0,0,0,0,0,0,0,1,0,"[0.0, 0.0, 0.0, 0.0, 0.0, 0.0, 0.0, 0.0, 0.0, 0.0, 1.0, 0.0]","[0, 0, 0, 0, 0, 0, 0, 0, 0, 0, 0, 0]",601
68382-0053-01_RXNAVIMAGE10_3D129ED4_1.jpg,0,0,0,0,0,0,0,0,1,0,0,0,0,"[0.0, 0.0, 0.0, 0.0, 0.0, 0.0, 0.0, 1.0, 0.0, 0.0, 0.0, 0.0]","[0, 0, 0, 0, 0, 0, 0, 0, 0, 0, 0, 0]",612
68382-0053-01_RXNAVIMAGE10_3D129ED4_2.jpg,0,0,0,0,0,0,0,0,1,0,0,0,0,"[0.0, 0.0, 0.0, 0.0, 0.0, 0.0, 0.0, 1.0, 0.0, 0.0, 0.0, 0.0]","[0, 0, 0, 0, 0, 0, 0, 0, 0, 0, 0, 0]",613
21130-0450-08_RXNAVIMAGE10_B4385A62_2.jpg,0,0,0,0,0,0,0,1,0,0,0,0,0,"[0.0, 0.0, 0.0, 0.0, 0.0, 0.0, 1.0, 0.0, 0.0, 0.0, 0.0, 0.0]","[0, 0, 0, 0, 0, 0, 1, 1, 0, 0, 0, 0]",615
60505-2530-06_RXNAVIMAGE10_814740CA_1.jpg,0,0,0,0,0,0,0,0,0,0,0,1,0,"[0.0, 0.0, 0.0, 0.0, 0.0, 0.0, 0.0, 0.0, 0.0, 0.0, 1.0, 0.0]","[0, 0, 0, 1, 0, 0, 0, 0, 0, 0, 1, 0]",618
60505-2530-06_RXNAVIMAGE10_814740CA_2.jpg,0,0,0,0,0,0,0,0,0,0,0,1,0,"[0.0, 0.0, 0.0, 0.0, 0.0, 0.0, 0.0, 0.0, 0.0, 0.0, 1.0, 0.0]","[0, 0, 0, 1, 0, 0, 1, 0, 0, 0, 1, 0]",619
23155-0119-01_RXNAVIMAGE10_6F3FB7ED_1.jpg,0,0,0,0,0,0,0,0,0,1,0,0,0,"[0.0, 0.0, 0.0, 0.0, 0.0, 0.0, 0.0, 0.0, 1.0, 0.0, 0.0, 0.0]","[0, 0, 0, 0, 0, 1, 0, 0, 1, 0, 0, 0]",624
00173-0759-60_RXNAVIMAGE10_F5197ACB_2.jpg,0,0,0,0,0,0,1,0,0,0,0,1,0,"[0.0, 0.0, 0.0, 0.0, 0.0, 1.0, 0.0, 0.0, 0.0, 0.0, 1.0, 0.0]","[0, 0, 0, 0, 0, 1, 0, 0, 0, 0, 0, 0]",637
52544-0966-91_RXNAVIMAGE10_1E4B0F08_2.jpg,0,0,0,0,0,0,1,0,0,0,0,0,0,"[0.0, 0.0, 0.0, 0.0, 0.0, 1.0, 0.0, 0.0, 0.0, 0.0, 0.0, 0.0]","[0, 0, 0, 0, 0, 1, 0, 0, 1, 0, 0, 0]",649
00002-3270-30_RXNAVIMAGE10_A91354EA_2.jpg,0,0,1,0,0,0,0,0,0,0,0,0,1,"[0.0, 1.0, 0.0, 0.0, 0.0, 0.0, 0.0, 0.0, 0.0, 0.0, 0.0, 1.0]","[0, 1, 0, 0, 0, 0, 0, 0, 0, 0, 0, 0]",651
68220-0085-90_RXNAVIMAGE10_2D1316D8_1.jpg,0,0,0,0,0,0,1,0,0,0,0,0,0,"[0.0, 0.0, 0.0, 0.0, 0.0, 1.0, 0.0, 0.0, 0.0, 0.0, 0.0, 0.0]","[0, 0, 0, 0, 0, 0, 0, 0, 1, 0, 0, 0]",652
68220-0085-90_RXNAVIMAGE10_2D1316D8_2.jpg,0,0,0,0,0,0,1,0,0,0,0,0,0,"[0.0, 0.0, 0.0, 0.0, 0.0, 1.0, 0.0, 0.0, 0.0, 0.0, 0.0, 0.0]","[0, 0, 1, 0, 0, 0, 0, 0, 1, 0, 0, 0]",653
00904-1261-61_RXNAVIMAGE10_5C352E69_1.jpg,0,0,0,0,0,0,0,0,0,0,0,1,1,"[0.0, 0.0, 0.0, 0.0, 0.0, 0.0, 0.0, 0.0, 0.0, 0.0, 1.0, 1.0]","[0, 0, 0, 0, 0, 0, 0, 0, 0, 0, 1, 0]",656
00904-1261-61_RXNAVIMAGE10_5C352E69_2.jpg,0,0,0,0,0,0,0,0,0,0,0,1,1,"[0.0, 0.0, 0.0, 0.0, 0.0, 0.0, 0.0, 0.0, 0.0, 0.0, 1.0, 1.0]","[0, 0, 0, 1, 0, 0, 0, 0, 0, 0, 1, 1]",657
00378-1010-01_RXNAVIMAGE10_072103C8_2.jpg,0,0,0,0,0,1,0,0,0,0,0,0,0,"[0.0, 0.0, 0.0, 0.0, 1.0, 0.0, 0.0, 0.0, 0.0, 0.0, 0.0, 0.0]","[0, 1, 0, 0, 1, 0, 0, 0, 0, 0, 0, 0]",659
00054-4179-25_RXNAVIMAGE10_7715BBBD_1.jpg,0,0,0,0,0,0,0,0,0,0,0,0,1,"[0.0, 0.0, 0.0, 0.0, 0.0, 0.0, 0.0, 0.0, 0.0, 0.0, 0.0, 1.0]","[0, 0, 0, 0, 0, 0, 0, 0, 0, 0, 1, 1]",660
00054-4179-25_RXNAVIMAGE10_7715BBBD_2.jpg,0,0,0,0,0,0,0,0,0,0,0,0,1,"[0.0, 0.0, 0.0, 0.0, 0.0, 0.0, 0.0, 0.0, 0.0, 0.0, 0.0, 1.0]","[0, 0, 0, 0, 0, 0, 0, 0, 0, 0, 1, 1]",661
00143-3142-05_RXNAVIMAGE10_E005702B_1.jpg,0,0,0,0,0,0,0,0,0,0,1,0,0,"[0.0, 0.0, 0.0, 0.0, 0.0, 0.0, 0.0, 0.0, 0.0, 1.0, 0.0, 0.0]","[0, 1, 0, 0, 0, 0, 0, 0, 0, 0, 0, 0]",662
00143-3142-05_RXNAVIMAGE10_E005702B_2.jpg,0,0,0,0,0,0,0,0,0,0,1,0,0,"[0.0, 0.0, 0.0, 0.0, 0.0, 0.0, 0.0, 0.0, 0.0, 1.0, 0.0, 0.0]","[0, 1, 0, 0, 0, 0, 0, 0, 0, 1, 0, 0]",663
00378-2072-01_RXNAVIMAGE10_8621435A_1.jpg,0,0,1,0,0,0,0,0,0,0,0,0,0,"[0.0, 1.0, 0.0, 0.0, 0.0, 0.0, 0.0, 0.0, 0.0, 0.0, 0.0, 0.0]","[0, 1, 0, 1, 0, 0, 0, 0, 0, 0, 0, 0]",664
49884-0196-05_RXNAVIMAGE10_AD08D696_1.jpg,0,0,0,1,0,0,0,0,0,0,0,0,0,"[0.0, 0.0, 1.0, 0.0, 0.0, 0.0, 0.0, 0.0, 0.0, 0.0, 0.0, 0.0]","[0, 0, 0, 0, 0, 1, 1, 0, 0, 0, 0, 0]",670
49884-0196-05_RXNAVIMAGE10_AD08D696_2.jpg,0,0,0,1,0,0,0,0,0,0,0,0,0,"[0.0, 0.0, 1.0, 0.0, 0.0, 0.0, 0.0, 0.0, 0.0, 0.0, 0.0, 0.0]","[0, 0, 0, 0, 0, 1, 0, 0, 0, 0, 0, 0]",671
68180-0352-06_RXNAVIMAGE10_EF3477C3_2.jpg,0,0,1,0,0,0,0,0,0,0,0,0,0,"[0.0, 1.0, 0.0, 0.0, 0.0, 0.0, 0.0, 0.0, 0.0, 0.0, 0.0, 0.0]","[0, 1, 0, 0, 0, 0, 0, 0, 0, 0, 1, 0]",673
00149-0752-15_RXNAVIMAGE10_CF12E7C7_1.jpg,0,0,0,1,0,0,0,0,0,0,0,0,0,"[0.0, 0.0, 1.0, 0.0, 0.0, 0.0, 0.0, 0.0, 0.0, 0.0, 0.0, 0.0]","[0, 0, 1, 0, 0, 0, 0, 0, 1, 0, 0, 0]",674
00149-0752-15_RXNAVIMAGE10_CF12E7C7_2.jpg,0,0,0,1,0,0,0,0,0,0,0,0,0,"[0.0, 0.0, 1.0, 0.0, 0.0, 0.0, 0.0, 0.0, 0.0, 0.0, 0.0, 0.0]","[0, 0, 1, 0, 0, 0, 0, 0, 1, 0, 0, 0]",675
60793-0136-05_RXNAVIMAGE10_C31D61FB_2.jpg,0,0,0,0,0,0,0,1,0,0,0,0,0,"[0.0, 0.0, 0.0, 0.0, 0.0, 0.0, 1.0, 0.0, 0.0, 0.0, 0.0, 0.0]","[0, 0, 0, 0, 0, 0, 1, 1, 0, 0, 0, 0]",677
51672-4033-01_RXNAVIMAGE10_A72653F2_1.jpg,0,0,0,0,0,0,0,0,0,0,1,0,0,"[0.0, 0.0, 0.0, 0.0, 0.0, 0.0, 0.0, 0.0, 0.0, 1.0, 0.0, 0.0]","[0, 1, 0, 0, 1, 0, 0, 0, 0, 0, 0, 0]",684
51672-4033-01_RXNAVIMAGE10_A72653F2_2.jpg,0,0,0,0,0,0,0,0,0,0,1,0,0,"[0.0, 0.0, 0.0, 0.0, 0.0, 0.0, 0.0, 0.0, 0.0, 1.0, 0.0, 0.0]","[0, 1, 0, 0, 0, 0, 0, 0, 0, 0, 0, 0]",685
51079-0541-20_RXNAVIMAGE10_2D3916D8_1.jpg,0,0,0,0,0,0,0,0,0,1,0,0,0,"[0.0, 0.0, 0.0, 0.0, 0.0, 0.0, 0.0, 0.0, 1.0, 0.0, 0.0, 0.0]","[0, 0, 0, 0, 0, 0, 1, 0, 1, 0, 0, 0]",686
00258-3691-90_RXNAVIMAGE10_1E158F1C_1.jpg,0,0,0,0,0,1,0,0,0,0,0,0,0,"[0.0, 0.0, 0.0, 0.0, 1.0, 0.0, 0.0, 0.0, 0.0, 0.0, 0.0, 0.0]","[0, 0, 0, 0, 1, 0, 0, 0, 0, 1, 0, 0]",690
00525-0906-90_RXNAVIMAGE10_9E07CF5E_1.jpg,0,0,0,1,0,0,0,0,0,0,0,0,0,"[0.0, 0.0, 1.0, 0.0, 0.0, 0.0, 0.0, 0.0, 0.0, 0.0, 0.0, 0.0]","[0, 0, 1, 0, 0, 0, 1, 0, 0, 0, 0, 0]",710
00525-0906-90_RXNAVIMAGE10_9E07CF5E_2.jpg,0,0,0,1,0,0,0,0,0,0,0,0,0,"[0.0, 0.0, 1.0, 0.0, 0.0, 0.0, 0.0, 0.0, 0.0, 0.0, 0.0, 0.0]","[0, 0, 1, 0, 0, 1, 1, 0, 0, 0, 0, 0]",711
00173-0809-61_RXNAVIMAGE10_D11968CB_2.jpg,0,0,0,1,0,0,0,0,0,0,0,0,0,"[0.0, 0.0, 1.0, 0.0, 0.0, 0.0, 0.0, 0.0, 0.0, 0.0, 0.0, 0.0]","[0, 0, 1, 0, 0, 1, 0, 0, 1, 0, 0, 0]",719
00093-7382-01_RXNAVIMAGE10_64293269_2.jpg,0,0,0,0,0,0,1,0,0,0,0,0,0,"[0.0, 0.0, 0.0, 0.0, 0.0, 1.0, 0.0, 0.0, 0.0, 0.0, 0.0, 0.0]","[0, 0, 0, 0, 0, 0, 0, 0, 0, 0, 1, 0]",729
13668-0268-01_RXNAVIMAGE10_CD3FE6CF_1.jpg,0,0,0,0,0,0,0,1,0,0,0,0,0,"[0.0, 0.0, 0.0, 0.0, 0.0, 0.0, 1.0, 0.0, 0.0, 0.0, 0.0, 0.0]","[0, 0, 0, 0, 0, 0, 1, 1, 0, 0, 0, 0]",730
00078-0490-15_RXNAVIMAGE10_0B3B05A8_1.jpg,0,0,0,1,0,0,0,0,0,0,0,0,0,"[0.0, 0.0, 1.0, 0.0, 0.0, 0.0, 0.0, 0.0, 0.0, 0.0, 0.0, 0.0]","[0, 0, 0, 0, 0, 0, 0, 0, 0, 0, 0, 0]",744
00078-0490-15_RXNAVIMAGE10_0B3B05A8_2.jpg,0,0,0,1,0,0,0,0,0,0,0,0,0,"[0.0, 0.0, 1.0, 0.0, 0.0, 0.0, 0.0, 0.0, 0.0, 0.0, 0.0, 0.0]","[0, 0, 0, 0, 0, 0, 0, 0, 0, 0, 0, 0]",745
51285-0446-02_RXNAVIMAGE10_38359C1C_1.jpg,0,0,0,0,0,0,1,0,0,0,0,0,0,"[0.0, 0.0, 0.0, 0.0, 0.0, 1.0, 0.0, 0.0, 0.0, 0.0, 0.0, 0.0]","[0, 0, 1, 0, 0, 1, 0, 0, 0, 0, 0, 0]",746
65862-0619-90_RXNAVIMAGE10_964B4B0A_1.jpg,0,0,0,1,0,0,0,0,0,0,0,0,0,"[0.0, 0.0, 1.0, 0.0, 0.0, 0.0, 0.0, 0.0, 0.0, 0.0, 0.0, 0.0]","[0, 0, 0, 0, 0, 0, 0, 0, 1, 0, 0, 0]",748
65862-0619-90_RXNAVIMAGE10_964B4B0A_2.jpg,0,0,0,1,0,0,0,0,0,0,0,0,0,"[0.0, 0.0, 1.0, 0.0, 0.0, 0.0, 0.0, 0.0, 0.0, 0.0, 0.0, 0.0]","[0, 0, 1, 0, 0, 0, 0, 0, 1, 0, 0, 0]",749
00378-3547-52_RXNAVIMAGE10_8046C026_1.jpg,0,0,0,0,0,0,0,0,0,0,0,1,0,"[0.0, 0.0, 0.0, 0.0, 0.0, 0.0, 0.0, 0.0, 0.0, 0.0, 1.0, 0.0]","[0, 0, 0, 0, 0, 0, 0, 0, 0, 0, 1, 1]",750
49884-0829-05_RXNAVIMAGE10_5639AB2D_1.jpg,0,0,0,0,1,0,0,0,0,0,0,0,0,"[0.0, 0.0, 0.0, 1.0, 0.0, 0.0, 0.0, 0.0, 0.0, 0.0, 0.0, 0.0]","[0, 1, 0, 1, 0, 0, 0, 0, 0, 0, 0, 0]",760
49884-0829-05_RXNAVIMAGE10_5639AB2D_2.jpg,0,0,0,0,1,0,0,0,0,0,0,0,0,"[0.0, 0.0, 0.0, 1.0, 0.0, 0.0, 0.0, 0.0, 0.0, 0.0, 0.0, 0.0]","[0, 1, 0, 1, 0, 0, 0, 0, 0, 0, 0, 0]",761
00093-7153-56_RXNAVIMAGE10_E527F2EF_2.jpg,0,0,0,0,0,0,0,1,0,0,0,0,0,"[0.0, 0.0, 0.0, 0.0, 0.0, 0.0, 1.0, 0.0, 0.0, 0.0, 0.0, 0.0]","[0, 0, 0, 0, 0, 0, 0, 0, 0, 0, 0, 0]",763
00591-5535-50_RXNAVIMAGE10_331599CC_1.jpg,0,0,0,0,0,0,0,0,0,0,1,1,0,"[0.0, 0.0, 0.0, 0.0, 0.0, 0.0, 0.0, 0.0, 0.0, 1.0, 1.0, 0.0]","[0, 1, 0, 0, 0, 0, 0, 0, 0, 0, 1, 0]",764
00591-5535-50_RXNAVIMAGE10_331599CC_2.jpg,0,0,0,0,0,0,0,0,0,0,1,1,0,"[0.0, 0.0, 0.0, 0.0, 0.0, 0.0, 0.0, 0.0, 0.0, 1.0, 1.0, 0.0]","[0, 0, 0, 0, 0, 0, 0, 0, 0, 0, 1, 0]",765
55253-0601-30_RXNAVIMAGE10_DE356F4B_1.jpg,0,0,0,0,0,0,0,0,0,0,0,0,1,"[0.0, 0.0, 0.0, 0.0, 0.0, 0.0, 0.0, 0.0, 0.0, 0.0, 0.0, 1.0]","[0, 0, 0, 0, 1, 0, 0, 0, 0, 0, 0, 1]",772
57237-0005-11_RXNAVIMAGE10_34471A28_2.jpg,0,0,0,0,0,0,0,1,0,0,0,0,0,"[0.0, 0.0, 0.0, 0.0, 0.0, 0.0, 1.0, 0.0, 0.0, 0.0, 0.0, 0.0]","[0, 0, 0, 0, 0, 0, 1, 0, 1, 0, 0, 0]",775
54092-0172-12_RXNAVIMAGE10_BD38DEC6_1.jpg,0,0,0,0,1,1,0,0,0,0,0,0,0,"[0.0, 0.0, 0.0, 1.0, 1.0, 0.0, 0.0, 0.0, 0.0, 0.0, 0.0, 0.0]","[0, 1, 0, 1, 1, 0, 0, 0, 0, 0, 0, 0]",786
54092-0172-12_RXNAVIMAGE10_BD38DEC6_2.jpg,0,0,0,0,1,1,0,0,0,0,0,0,0,"[0.0, 0.0, 0.0, 1.0, 1.0, 0.0, 0.0, 0.0, 0.0, 0.0, 0.0, 0.0]","[0, 1, 0, 1, 1, 0, 0, 0, 0, 0, 0, 0]",787
00591-0676-01_RXNAVIMAGE10_B205591A_1.jpg,0,0,0,0,0,0,0,1,0,0,0,0,0,"[0.0, 0.0, 0.0, 0.0, 0.0, 0.0, 1.0, 0.0, 0.0, 0.0, 0.0, 0.0]","[0, 0, 0, 0, 0, 0, 1, 0, 1, 0, 0, 0]",790
00093-7474-89_RXNAVIMAGE10_6E3CB725_1.jpg,0,0,0,0,0,0,1,0,0,0,0,0,0,"[0.0, 0.0, 0.0, 0.0, 0.0, 1.0, 0.0, 0.0, 0.0, 0.0, 0.0, 0.0]","[0, 0, 0, 0, 0, 0, 1, 0, 1, 0, 0, 0]",792
00093-7474-89_RXNAVIMAGE10_6E3CB725_2.jpg,0,0,0,0,0,0,1,0,0,0,0,0,0,"[0.0, 0.0, 0.0, 0.0, 0.0, 1.0, 0.0, 0.0, 0.0, 0.0, 0.0, 0.0]","[0, 0, 0, 0, 0, 0, 1, 0, 0, 0, 0, 0]",793
31722-0526-90_RXNAVIMAGE10_CF406793_1.jpg,0,0,0,1,0,0,0,0,0,0,0,0,0,"[0.0, 0.0, 1.0, 0.0, 0.0, 0.0, 0.0, 0.0, 0.0, 0.0, 0.0, 0.0]","[0, 0, 1, 0, 0, 0, 1, 0, 1, 0, 0, 0]",794
31722-0526-90_RXNAVIMAGE10_CF406793_2.jpg,0,0,0,1,0,0,0,0,0,0,0,0,0,"[0.0, 0.0, 1.0, 0.0, 0.0, 0.0, 0.0, 0.0, 0.0, 0.0, 0.0, 0.0]","[0, 0, 0, 0, 0, 0, 0, 0, 1, 0, 0, 0]",795
57237-0017-60_RXNAVIMAGE10_3A3D9D3C_1.jpg,0,0,0,0,0,0,0,0,0,0,0,0,1,"[0.0, 0.0, 0.0, 0.0, 0.0, 0.0, 0.0, 0.0, 0.0, 0.0, 0.0, 1.0]","[0, 0, 0, 0, 1, 0, 0, 0, 0, 0, 0, 1]",796
65597-0101-30_RXNAVIMAGE10_35131A98_2.jpg,0,0,0,0,0,0,0,0,0,0,0,0,1,"[0.0, 0.0, 0.0, 0.0, 0.0, 0.0, 0.0, 0.0, 0.0, 0.0, 0.0, 1.0]","[0, 0, 0, 0, 0, 0, 0, 0, 0, 0, 1, 1]",799
00456-1120-30_RXNAVIMAGE10_123D0918_1.jpg,0,0,0,0,0,0,1,0,0,0,0,0,0,"[0.0, 0.0, 0.0, 0.0, 0.0, 1.0, 0.0, 0.0, 0.0, 0.0, 0.0, 0.0]","[0, 0, 1, 0, 0, 1, 0, 0, 0, 0, 0, 0]",808
00456-1120-30_RXNAVIMAGE10_123D0918_2.jpg,0,0,0,0,0,0,1,0,0,0,0,0,0,"[0.0, 0.0, 0.0, 0.0, 0.0, 1.0, 0.0, 0.0, 0.0, 0.0, 0.0, 0.0]","[0, 0, 1, 0, 0, 1, 1, 0, 0, 0, 0, 0]",809
65162-0761-10_RXNAVIMAGE10_C441622B_1.jpg,0,0,0,0,0,0,0,1,0,0,0,0,0,"[0.0, 0.0, 0.0, 0.0, 0.0, 0.0, 1.0, 0.0, 0.0, 0.0, 0.0, 0.0]","[0, 0, 0, 0, 0, 0, 1, 0, 1, 0, 0, 0]",818
42043-0192-05_RXNAVIMAGE10_8B1DC5BE_2.jpg,0,0,1,0,0,0,0,0,0,0,0,0,0,"[0.0, 1.0, 0.0, 0.0, 0.0, 0.0, 0.0, 0.0, 0.0, 0.0, 0.0, 0.0]","[0, 1, 0, 0, 0, 0, 0, 0, 0, 0, 1, 0]",821
00378-1805-01_RXNAVIMAGE10_59212CA9_2.jpg,0,0,0,0,0,0,0,0,1,0,0,0,0,"[0.0, 0.0, 0.0, 0.0, 0.0, 0.0, 0.0, 1.0, 0.0, 0.0, 0.0, 0.0]","[0, 0, 0, 0, 1, 0, 0, 1, 0, 0, 0, 0]",829
00093-0311-01_RXNAVIMAGE10_26211358_1.jpg,0,0,0,1,0,0,1,0,0,0,0,0,0,"[0.0, 0.0, 1.0, 0.0, 0.0, 1.0, 0.0, 0.0, 0.0, 0.0, 0.0, 0.0]","[0, 0, 1, 0, 0, 1, 0, 0, 1, 0, 0, 0]",840
59762-5019-01_RXNAVIMAGE10_232191EC_1.jpg,0,0,0,1,0,0,0,0,0,0,0,0,0,"[0.0, 0.0, 1.0, 0.0, 0.0, 0.0, 0.0, 0.0, 0.0, 0.0, 0.0, 0.0]","[0, 0, 1, 0, 0, 0, 0, 0, 1, 0, 0, 0]",842
59762-5019-01_RXNAVIMAGE10_232191EC_2.jpg,0,0,0,1,0,0,0,0,0,0,0,0,0,"[0.0, 0.0, 1.0, 0.0, 0.0, 0.0, 0.0, 0.0, 0.0, 0.0, 0.0, 0.0]","[0, 0, 1, 0, 0, 0, 0, 0, 1, 0, 0, 0]",843
23155-0246-01_RXNAVIMAGE10_093D04C8_1.jpg,0,0,0,0,0,0,1,0,0,0,0,0,0,"[0.0, 0.0, 0.0, 0.0, 0.0, 1.0, 0.0, 0.0, 0.0, 0.0, 0.0, 0.0]","[0, 0, 1, 0, 0, 1, 0, 0, 0, 0, 0, 0]",844
23155-0246-01_RXNAVIMAGE10_093D04C8_2.jpg,0,0,0,0,0,0,1,0,0,0,0,0,0,"[0.0, 0.0, 0.0, 0.0, 0.0, 1.0, 0.0, 0.0, 0.0, 0.0, 0.0, 0.0]","[0, 0, 1, 0, 0, 1, 0, 0, 0, 0, 0, 0]",845
00781-2810-01_RXNAVIMAGE10_44392279_2.jpg,0,0,0,0,0,0,0,0,0,0,0,1,0,"[0.0, 0.0, 0.0, 0.0, 0.0, 0.0, 0.0, 0.0, 0.0, 0.0, 1.0, 0.0]","[0, 0, 0, 0, 0, 0, 0, 0, 1, 0, 1, 0]",859
59746-0211-06_RXNAVIMAGE10_D233690B_1.jpg,0,0,0,0,0,0,1,0,0,0,0,0,0,"[0.0, 0.0, 0.0, 0.0, 0.0, 1.0, 0.0, 0.0, 0.0, 0.0, 0.0, 0.0]","[0, 0, 1, 0, 0, 1, 0, 0, 0, 0, 0, 0]",862
59746-0211-06_RXNAVIMAGE10_D233690B_2.jpg,0,0,0,0,0,0,1,0,0,0,0,0,0,"[0.0, 0.0, 0.0, 0.0, 0.0, 1.0, 0.0, 0.0, 0.0, 0.0, 0.0, 0.0]","[0, 0, 1, 0, 0, 1, 0, 0, 0, 0, 0, 0]",863
00093-7383-01_RXNAVIMAGE10_56292B49_2.jpg,0,0,0,0,0,0,1,0,0,0,0,0,0,"[0.0, 0.0, 0.0, 0.0, 0.0, 1.0, 0.0, 0.0, 0.0, 0.0, 0.0, 0.0]","[0, 0, 0, 0, 0, 1, 1, 0, 0, 0, 0, 0]",869
43547-0275-03_RXNAVIMAGE10_EC46F627_1.jpg,0,0,1,0,0,0,0,0,0,0,0,0,0,"[0.0, 1.0, 0.0, 0.0, 0.0, 0.0, 0.0, 0.0, 0.0, 0.0, 0.0, 0.0]","[0, 1, 0, 0, 0, 0, 0, 0, 0, 0, 1, 0]",874
